{
  "logistic_regression": {
    "accuracy": 0.9668161434977578,
    "precision": 0.8414634146341463,
    "recall": 0.9261744966442953,
    "f1": 0.8817891373801917,
    "roc_auc": 0.9907527061014076,
    "cv_f1_mean": 0.8709560070383742,
    "cv_f1_std": 0.015362861860269533
  },
  "complement_nb": {
    "accuracy": 0.9704035874439462,
    "precision": 0.8717948717948718,
    "recall": 0.912751677852349,
    "f1": 0.8918032786885246,
    "roc_auc": 0.9888907415898954,
    "cv_f1_mean": 0.911245166204559,
    "cv_f1_std": 0.01724527250313623
  }
}